"Date","FileCount","TotalSizeMB","TopExtension"
"2024-01-01","2298","24.67",".py"
"2024-10-15","2","1.26",".dll"
"2025-02-13","1","0.55",".dll"
"2025-02-26","2","751.86",".dll"
"2025-04-14","1","0.63",".dll"
"2025-05-30","1","0",".json"
"2025-06-02","1","0",".json"
"2025-06-05","14","0",".md"
"2025-06-06","1584","20.74",".pyc"
"2025-06-11","19","4.22",".dll"
"2025-06-12","2","0",".md"
"2025-06-14","1","0",".md"
"2025-06-20","7","0.73",".png"
"2025-06-23","2","0",".md"
"2025-07-01","1","0",".md"
"2025-07-11","2","0",".md"
"2025-07-16","1","0.29",".png"
"2025-07-18","2","0",".md"
"2025-07-31","1","0",".md"
"2025-08-05","11","110.67",".dll"
"2025-08-07","1138","26.42",".js"
"2025-08-08","491","829.32",".py"
"2025-08-10","44","18.38",""
"2025-08-11","3","3.09",".png"
"2025-08-12","69","499.17",".dll"
"2025-08-13","10","70.62",".js"
"2025-08-14","4692","151.88",".py"
"2025-08-15","6","0.12",".md"
"2025-08-16","2","0.03",".log"
"2025-08-17","5","0.27",".json"
"2025-08-18","1","0",".log"
"2025-08-19","3","2",".md"
"2025-08-22","7","0.02",".md"
"2025-08-23","1024","13.48",".pyc"
"2025-08-25","1","0",".md"
"2025-09-04","1","0",".md"
"2025-09-05","22","0.01",".md"
"2025-09-08","10","0.02",".md"
"2025-09-09","2","0.1",".md"
"2025-09-10","2","0.06",".md"
"2025-09-11","2","0.03",".md"
"2025-09-12","30","0.02",".md"
"2025-09-13","13","0.07",".md"
"2025-09-14","2720","100.21",".ts"
"2025-09-15","6551","217.56",".py"
"2025-09-16","2240","230.34",".py"
"2025-09-17","925","4.81",".js"
"2025-09-18","2301","33.68",".ts"
"2025-09-19","6","0.23",".json"
"2025-09-20","100","14514.7",".ajson"
"2025-09-21","19","0.36",".json"
"2025-09-22","68","1.69",".py"
"2025-09-23","14","0.76",".json"
"2025-09-24","6","2.29",".md"
"2025-09-26","15","2.23",".md"
"2025-09-28","14","4.7",".log"
"2025-09-29","9","2.31",".jsonl"
"2025-09-30","3","0.86",".jsonl"
"2025-10-01","115","0.43",".tsx"
"2025-10-02","10","4.23",".md"
"2025-10-04","1","0",".md"
"2025-10-05","12","1.04",".md"
"2025-10-07","3","0.04",".pyc"
"2025-10-08","2826","1603.38",".wav"
"2025-10-09","629","343.72",".md"
"2025-10-10","235","305.31",".md"
"2025-10-11","9652","10499.35",".js"
"2025-10-12","8413","256.34",".pyc"
"2025-10-13","191","12.98",".md"
"2025-10-14","127","17.9",".jsonl"
"2025-10-15","3160","69.1",".py"
"2025-10-16","8219","197.11",".py"
"2025-10-17","16743","556.14",".pyc"
"2025-10-18","4136","94.17",".pyc"
"2025-10-19","767","75.09",""
"2025-10-20","1412","34.63",".py"
"2025-10-21","666","261.33",""
"2025-10-22","18705","595.97",".pyc"
"2025-10-23","6069","212.01",".json"
"2025-10-24","1292","80.33",""
"2025-10-25","2062","859.04",".py"
"2025-10-26","8852","441.9",".pyc"
"2025-10-27","6044","186.31",".py"
"2025-10-28","9209","191.9",".py"
"2025-10-29","5923","291.47",".py"
